 Total Fwd Packets, Total Backward Packets,Total Length of Fwd Packets, Total Length of Bwd Packets, Fwd Packet Length Max,Fwd Packets/s,Label,Appear Frequncy
2,2,88,292,44,40.929090351,BENIGN,Frequent
1,1,52,115,52,42.91108823,BENIGN,Frequent
2,2,84,206,42,19.6918229705,BENIGN,Frequent
25,32,786,34332,344,0.32781534,BENIGN,Frequent
3,1,12,0,6,0.48416810600000004,BENIGN,Frequent
2,2,97,280,54,0.08582202900000001,BENIGN,Frequent
2,2,84,282,42,32.90664385,BENIGN,Frequent
2,0,12,0,6,0.13548575,BENIGN,Frequent
32,73,1856,99310,784,0.3345197739,BENIGN,Frequent
2,2,88,200,44,62.85552657,BENIGN,Frequent
3,1,38,0,38,651.4657980000001,BENIGN,Frequent
2,2,90,196,45,5.319417737,BENIGN,Frequent
22,22,305,18403,294,0.191106582,BENIGN,Frequent
2,1,0,0,0,38.1861575179,BENIGN,Frequent
27,26,684,36600,338,1.1918968495,BENIGN,Frequent
9,6,391,4488,204,1.654402945,BENIGN,Frequent
13,9,17856,42,2920,551.0342489,BENIGN,Frequent
2,2,96,96,48,0.028978762999999998,BENIGN,Frequent
1,1,92,170,92,20.68979786,BENIGN,Frequent
2,0,0,0,0,212.0665889,BENIGN,Frequent
2,0,12,0,6,1668.0567139282998,BENIGN,Frequent
2,2,60,188,30,63.2211158527,BENIGN,Frequent
24,19,2501,1528,625,0.203388729,BENIGN,Frequent
2,2,88,144,44,9049.773756,BENIGN,Frequent
10,8,912,282,537,2.2521726146,BENIGN,Frequent
3,1,12,0,6,0.544635414,BENIGN,Frequent
9,9,2221,5865,1876,0.673816862,BENIGN,Frequent
6,5,813,324,789,0.1973540545,BENIGN,Frequent
1,1,51,112,51,1923.076923,BENIGN,Frequent
5,1,135,46,46,1.034257932,BENIGN,Frequent
2,2,84,210,42,14.73459314,BENIGN,Frequent
2,2,70,192,35,14.77301266,BENIGN,Frequent
21,19,1392,4049,693,0.180853548,BENIGN,Frequent
1,1,49,81,49,32.410708500000005,BENIGN,Frequent
16,14,514,1812,430,0.137915099,BENIGN,Frequent
14,12,932,5385,693,47.85850292,BENIGN,Frequent
3,1,0,0,0,0.5235368189999999,BENIGN,Frequent
8,6,586,3569,326,1.515582365,BENIGN,Frequent
3,1,0,0,0,0.517079569,BENIGN,Frequent
10,10,1520,3992,901,0.110617089,BENIGN,Frequent
2,2,78,134,39,32.33525189,BENIGN,Frequent
22,22,1207,8771,572,0.190902987,BENIGN,Frequent
1,1,54,70,54,32.804093950900004,BENIGN,Frequent
4,5,517,3870,517,0.791112797,BENIGN,Frequent
2,2,74,264,37,9.503535315,BENIGN,Frequent
6,8,733,572,437,4.869813648,BENIGN,Frequent
2,2,0,213,0,0.392032335,BENIGN,Frequent
4,2,140,456,35,64.4610252526,BENIGN,Frequent
4,2,176,198,44,66.29321489,BENIGN,Frequent
1,1,47,103,47,16.328663335599998,BENIGN,Frequent
3,0,384,0,384,20.9769672899,BENIGN,Frequent
1,1,0,0,0,31.00967502,BENIGN,Frequent
4,4,180,364,45,42.49442261,BENIGN,Frequent
8,5,551,3557,198,60.61800052,BENIGN,Frequent
1,1,0,0,0,25.62394301,BENIGN,Frequent
23,19,2670,4788,429,0.197072424,BENIGN,Frequent
12,10,2417,4851,730,0.18053440440000001,BENIGN,Frequent
1,1,43,139,43,41.59906818,BENIGN,Frequent
35,40,2686,6718,408,22.01968308,BENIGN,Frequent
2,2,66,276,33,83.34027836,BENIGN,Frequent
7,6,402,11595,396,0.083290479,Attack,Frequent
7,5,335,11595,329,0.07041283200000001,Attack,Frequent
9,5,372,11595,372,0.091170864,Attack,Frequent
6,7,322,11595,304,0.071581726,Attack,Frequent
6,6,327,11595,327,0.060877155,Attack,Frequent
2,2,12,11,6,130.46314420000002,Attack,Frequent
6,7,329,11595,311,0.060003202,Attack,Frequent
4,1,24,0,6,398.8035892,Attack,Frequent
8,6,378,11595,378,0.080047475,Attack,Frequent
8,6,326,11595,326,0.079551572,Attack,Frequent
3,1,0,0,0,3424.6575340000004,Attack,Frequent
2,1,8,2,6,3577.817531,Attack,Frequent
3,1,0,0,0,4261.363636,Attack,Frequent
2,2,0,12,0,0.108884211,Attack,Frequent
2,1,8,2,6,2587.322122,Attack,Frequent
4,2,18,0,18,0.36333139600000003,Attack,Frequent
3,1,0,0,0,3703.703704,Attack,Frequent
1,1,2,6,2,16393.442619999998,Attack,Frequent
4,2,0,41,0,399.8001,Attack,Frequent
6,0,0,0,0,2424.242424,Attack,Frequent
21,32,2008,2745,640,1.7857537669999999,Attack,Frequent
9,15,106,188,28,1.046857334,Attack,Frequent
19,31,2008,2745,640,1.76149097,Attack,Frequent
9,15,100,188,23,0.979622225,Attack,Frequent
9,15,103,188,23,1.012671787,Attack,Frequent
9,15,102,188,21,0.943506698,Attack,Frequent
9,15,106,188,23,0.925831724,Attack,Frequent
9,15,100,188,20,1.020824826,Attack,Frequent
9,15,108,188,23,0.989862488,Attack,Frequent
23,31,2008,2745,640,1.73700728,Attack,Frequent
3,1,0,0,0,0.595179286,Attack,Frequent
3,1,0,0,0,0.553544447,Attack,Frequent
3,1,0,0,0,0.564949409,Attack,Frequent
3,1,0,0,0,0.534192029,Attack,Frequent
3,1,0,0,0,0.579081156,Attack,Frequent
3,1,0,0,0,0.572419894,Attack,Frequent
3,1,0,0,0,0.558947643,Attack,Frequent
3,1,0,0,0,0.5314666339999999,Attack,Frequent
3,1,0,0,0,0.5349002820000001,Attack,Frequent
4,4,447,530,447,0.79902088,Attack,Frequent
